{
  "spawn": {
    "enabled": true,
    "world.name": "world",
    "x": -116.4292,
    "y": 155.7151,
    "z": 149.4733,
    "yaw": 93.51507568359375,
    "pitch": -8.136474609375,
    "min.void": 115
  }
}